time,ax (m/s^2),ay (m/s^2),az (m/s^2),aT (m/s^2)
0.008546,0.1209,-0.0420,0.0598,0.141
0.009730,0.1209,-0.0420,0.0598,0.141
0.029759,0.0681,-0.1169,0.0527,0.145
0.045157,-0.0423,-0.2095,-0.0093,0.214
0.077173,0.0525,-0.0087,0.0924,0.107
0.093875,0.0186,0.1048,0.1151,0.157
0.119645,0.0256,0.0552,0.0803,0.101
0.127206,0.0507,0.0245,0.0528,0.077
0.147530,0.0751,0.0101,0.0288,0.081
0.168114,-0.0180,-0.0127,0.0311,0.038
0.204026,-0.0735,-0.0163,-0.0105,0.076
0.211320,-0.0629,-0.0585,0.0011,0.086
0.229468,-0.0019,-0.0383,0.0765,0.086
0.250215,0.0831,0.0270,0.0724,0.114
0.271810,-0.0229,0.0263,-0.0516,0.062
0.303178,-0.0599,0.0234,-0.0174,0.067
0.312045,-0.1100,0.0450,0.0607,0.133
0.335322,0.0676,-0.0080,0.1016,0.122
0.352877,0.0827,0.0313,0.0326,0.094
0.373882,0.0097,0.0109,0.2650,0.265
0.406306,-0.0367,0.1023,0.3168,0.335
0.414510,0.0493,0.0163,0.1418,0.151
0.434944,-0.0116,0.4424,-0.0899,0.452
0.459029,0.0902,0.1907,0.2276,0.310
0.475892,-0.3110,-0.0320,0.2372,0.392
0.519296,-0.3113,0.6464,0.6207,0.949
0.520155,-0.2905,0.5813,0.3388,0.733
0.537587,-0.0260,0.2699,-0.0064,0.271
0.557802,0.1784,0.2549,0.0290,0.312
0.579329,-0.0712,0.3508,-0.0077,0.358
0.617004,-0.1291,0.3740,0.3006,0.497
0.629495,0.0251,0.3137,0.2035,0.375
0.642062,0.1317,0.2466,-0.0505,0.284
0.659875,-0.1136,0.2918,-0.2356,0.392
0.680534,-0.1927,0.2938,-0.0467,0.354
0.716442,0.1906,0.2186,0.3442,0.450
0.730622,0.2710,0.3043,0.3672,0.549
0.742029,0.2684,0.5166,0.3239,0.666
0.762946,0.1609,0.4899,0.5040,0.721
0.800257,-0.4288,-0.7624,0.3574,0.945
0.814623,-0.6390,-1.1161,0.4076,1.349
0.825390,-0.7627,-1.4601,0.4035,1.696
0.846188,-0.8062,-1.7244,0.5881,1.992
0.866599,-0.2660,-0.8223,1.3948,1.641
0.898469,0.7360,0.6488,1.7816,2.034
0.908361,0.5336,0.5068,1.3986,1.580
0.927936,-0.0124,-0.3428,1.3559,1.399
0.948238,-0.5854,-1.0545,1.3343,1.799
0.970200,-0.6758,-1.0466,0.7394,1.449
0.994856,-0.5370,-0.2932,0.3096,0.686
1.009902,-0.7080,0.6207,-0.0803,0.945
1.030537,-0.4087,0.8266,-0.3289,0.979
1.051332,-0.3614,0.2438,0.2978,0.528
1.072699,-0.3320,-0.3898,0.8866,1.024
1.094023,-0.3170,-0.2449,1.0399,1.114
1.113237,-0.4179,0.1929,1.0890,1.182
1.133121,-0.3702,0.1604,0.8746,0.963
1.153616,-0.4347,-0.0036,0.7925,0.904
1.174274,-0.4177,-0.1634,1.0149,1.110
1.211857,0.0044,-0.9437,1.0473,1.410
1.223543,0.1201,-0.9250,1.0009,1.368
1.241382,0.1996,-0.4064,1.1681,1.253
1.257829,0.1571,-0.2208,1.4798,1.504
1.278398,0.2202,-0.3876,1.4133,1.482
1.312471,0.4234,-1.0003,1.5649,1.905
1.328645,0.4117,-1.2852,1.5134,2.028
1.339909,0.5537,-1.4065,1.4085,2.066
1.358216,1.2423,-1.1939,1.7256,2.439
1.379617,2.1550,-1.2074,1.9875,3.171
1.415300,1.2811,-1.8745,0.8212,2.414
1.435320,0.4190,-1.8752,-0.3012,1.945
1.441997,0.0351,-1.4294,-1.2366,1.890
1.461030,-0.3147,0.3675,-2.8144,2.856
1.481105,-0.9314,2.5523,-2.5862,3.751
1.512256,-0.6214,2.6153,-0.9513,2.851
1.530126,0.1822,0.6711,0.1297,0.707
1.542649,0.4551,-0.1973,0.2721,0.566
1.563378,0.5504,-1.2858,-0.1072,1.403
1.584480,-0.2882,-0.5422,-0.4042,0.735
1.615793,-0.6336,0.5717,-0.4766,0.978
1.637764,-0.4053,0.6106,-0.2182,0.765
1.656548,-0.3363,0.1768,-0.2094,0.434
1.673541,-0.4840,0.0100,-0.1517,0.507
1.695779,-0.9194,-0.0456,0.0129,0.921
1.714585,-1.3222,0.4383,-0.2655,1.418
1.730401,-1.1820,0.7126,-0.1660,1.390
1.749867,-0.8974,0.9405,0.0864,1.303
1.770242,-0.8353,0.5749,0.6480,1.203
1.808278,-0.8786,0.0192,1.0278,1.352
1.822034,-0.9250,0.5219,0.8769,1.377
1.838774,-0.8982,0.7803,0.9623,1.530
1.855965,-0.7538,0.6676,1.4418,1.759
1.872411,-0.9454,0.0027,1.7604,1.998
1.911534,-0.2909,-0.8968,1.2462,1.563
1.929714,0.2989,-0.2023,1.0797,1.138
1.938164,0.5024,0.2798,1.0631,1.209
1.954749,1.1560,0.4833,0.8351,1.506
1.973919,1.5788,0.5166,1.5102,2.245
2.008007,1.4231,0.1117,2.4331,2.821
2.021525,1.8946,-0.3024,2.3028,2.997
2.037947,4.2692,-0.7402,1.3651,4.543
2.056742,4.0013,1.4646,-1.0096,4.379
2.076588,1.2941,3.8884,-0.9398,4.205
2.112666,-1.0459,-0.4538,-0.7050,1.340
2.129794,-1.6575,-1.4348,-0.5260,2.254
2.137630,-1.8923,-2.1856,-0.6517,2.964
2.158832,-1.3472,-2.4212,-2.1917,3.533
2.178992,0.6452,-1.0626,-3.4490,3.666
2.208225,1.7383,1.3123,-2.5347,3.342
2.220706,1.1218,1.2271,-1.5600,2.280
2.240189,0.3130,0.5538,-0.0897,0.642
2.261425,-0.5345,0.2717,0.5612,0.821
2.281921,-0.9724,0.0257,0.5224,1.104
2.308140,-1.1702,-0.2479,-0.0972,1.200
2.322397,-1.2311,-0.4652,-0.5310,1.419
2.342798,-1.2142,-0.5825,-0.4412,1.417
2.363313,-1.4920,-0.5771,-0.3968,1.648
2.384349,-1.3392,-0.6081,-0.5390,1.566
2.409219,-0.9676,-0.4190,-0.7540,1.296
2.424680,-0.6481,-0.1915,-0.6683,0.950
2.445576,-0.6439,-0.1799,-0.2998,0.733
2.466944,-0.5889,-0.4553,0.0555,0.746
2.487928,-0.1445,-0.7884,0.2232,0.832
2.524385,-0.5427,-0.5795,1.2719,1.499
2.536684,-1.1412,-0.6924,1.5615,2.054
2.553230,-1.8338,-1.1139,1.5334,2.637
2.571207,-1.3987,-1.0446,1.7215,2.452
2.606961,1.1250,-0.9521,0.9152,1.735
2.619724,1.8710,-0.1017,0.6909,1.997
2.636182,1.5594,0.5887,1.0475,1.969
2.656803,0.6904,1.0947,1.3514,1.871
2.670252,0.5035,0.5836,1.0812,1.328
2.708755,1.6240,-0.2584,2.2558,2.792
2.719876,3.8983,-2.3563,0.1955,4.559
2.736697,4.2167,-2.6723,-2.0481,5.396
2.754252,1.9933,-0.2399,-2.8372,3.476
2.773720,0.0006,1.6078,-2.5942,3.052
2.809054,-0.4331,0.8531,-2.4868,2.665
2.826525,-0.2652,0.1409,-1.5715,1.600
2.836104,-0.2360,-0.6704,-0.7480,1.032
2.855399,0.2035,-1.8830,0.1014,1.897
2.876340,0.8734,-1.0597,0.1956,1.387
2.906641,0.4247,1.5517,-0.6337,1.729
2.918996,-0.5478,0.9278,-0.9573,1.441
2.937293,-1.2540,-0.8089,-1.0803,1.842
2.958109,-1.7753,-1.3895,-0.8322,2.403
2.978985,-1.6067,-0.5809,-0.3991,1.755
3.010420,-1.4251,0.6927,-0.4420,1.645
3.028562,-1.2390,0.8216,-0.8162,1.696
3.051807,-1.1968,0.5864,-0.2345,1.353
3.068442,-1.2377,0.2299,0.3019,1.295
3.086649,-1.1265,0.4509,0.6123,1.359
3.102213,-0.9389,0.8226,0.8414,1.505
3.122043,-0.7235,1.1959,1.2264,1.859
3.142645,-0.8442,0.7081,1.0396,1.515
3.163278,-1.2686,-0.2255,0.6368,1.437
3.184881,-1.7783,-1.1211,1.0080,2.331
3.220816,1.1233,-0.8618,0.3461,1.457
3.234980,1.9314,0.2179,0.0294,1.944
3.251335,2.3349,2.2586,-0.6971,3.323
3.268071,1.8566,2.5779,1.2285,3.406
3.285537,1.5617,-0.1870,3.9435,4.246
3.324001,3.6857,-2.8656,2.7290,5.408
3.335199,4.4388,-1.4729,1.4130,4.886
3.351289,3.1726,2.9619,-1.8747,4.728
3.368087,1.5216,3.5624,-2.8645,4.818
3.389065,-0.1635,-0.0079,-2.5659,2.571
3.420588,-0.0114,-3.6437,-0.9634,3.769
3.434683,0.1185,-1.9710,-2.6747,3.325
3.451000,0.1583,-0.1810,-2.5784,2.590
3.470541,0.6545,2.8238,-1.1243,3.109
3.491560,0.0364,2.0712,-1.2315,2.410
3.520456,0.1234,-1.1145,-0.8160,1.387
3.537728,-0.1509,-1.1085,-0.3317,1.167
3.552699,-0.4967,-0.8740,-0.3475,1.064
3.572958,-1.3266,-0.4564,-0.6157,1.532
3.603512,-1.9642,-0.1687,-1.0456,2.232
3.617501,-1.9114,-0.2002,-1.2971,2.319
3.634010,-1.0072,-0.6174,-1.1711,1.663
3.654709,-0.6575,-0.8735,-0.6462,1.270
3.674806,-0.9751,-1.0309,0.0091,1.419
3.703485,-1.3159,-0.9651,0.5661,1.727
3.717789,-1.3686,-0.7362,0.7369,1.720
3.736400,-1.3884,-0.3854,1.1660,1.854
3.757071,-1.5107,-0.5301,1.2090,2.006
3.777242,-1.6943,-0.6069,0.6186,1.903
3.804777,-1.8111,0.3312,0.2716,1.861
3.818177,-1.5140,0.6158,0.2516,1.654
3.838716,0.1767,0.4805,-0.1458,0.532
3.859399,1.4284,0.1198,0.2691,1.458
3.880073,1.9081,0.0544,1.1622,2.235
3.909993,2.2716,-0.4572,1.7339,2.894
3.935812,2.0710,0.9570,2.6243,3.477
3.950656,3.0113,1.1951,3.3798,4.682
3.966181,5.1224,-1.0309,0.5353,5.252
3.983630,3.0666,-2.0529,-3.9135,5.379
4.028567,-1.3460,0.7446,-3.7242,4.029
4.030049,-1.3460,0.7446,-3.7242,4.029
4.057562,-0.4725,1.1371,-1.3063,1.795
4.066742,0.9835,0.1462,-1.4671,1.772
4.085597,1.4675,-1.0110,-1.1346,2.113
4.117798,1.5369,-0.2632,-0.4653,1.627
4.131447,0.7464,1.6726,-1.1706,2.174
4.149225,0.1907,2.0086,-1.1361,2.316
4.166478,-0.6764,1.1602,-0.8578,1.594
4.186622,-1.2675,-0.5644,-0.2764,1.415
4.217650,-1.8625,-1.6633,0.3501,2.522
4.231636,-2.0283,-0.8050,0.4032,2.219
4.248517,-2.0801,-0.3273,0.0887,2.108
4.267514,-1.9002,0.4556,-0.5540,2.031
4.288240,-1.7676,1.3088,-0.5427,2.265
4.319004,-1.4263,1.2110,0.1390,1.876
4.331972,-1.1521,0.3666,0.8177,1.460
4.348984,-1.1209,0.2949,1.2204,1.683
4.369759,-1.2237,0.8047,1.0224,1.786
4.390219,-1.1260,0.8630,1.0577,1.770
4.418782,-0.7914,0.1137,2.0711,2.220
4.432130,0.3467,-0.7597,0.8053,1.160
4.451888,1.8163,-0.1073,-1.1172,2.135
4.472515,1.5808,0.9062,-1.4403,2.323
4.493647,1.8239,1.2968,1.1387,2.511
4.527926,1.2681,0.0540,4.3643,4.545
4.545783,5.0956,-2.3022,1.4716,5.782
4.554256,5.9030,-1.7443,-0.9949,6.235
4.574812,2.8712,2.1985,-3.1655,4.806
4.595359,0.5725,2.8479,-2.2196,3.656
4.618252,-1.7473,0.2465,-0.6283,1.873
4.636059,-2.0818,-2.5059,-0.0512,3.258
4.657662,-0.5434,-3.0310,-2.1066,3.731
4.678466,0.9274,0.8781,-2.3484,2.673
4.698530,1.6745,1.7114,-1.9201,3.069
4.732807,0.1325,0.4797,-0.5196,0.720
4.746741,-0.6634,-0.3677,0.5172,0.918
4.763342,-1.0255,-0.5901,0.5749,1.315
4.780546,-1.2442,-0.7813,0.2313,1.487
4.815723,-0.6349,-0.7011,-1.1084,1.457
4.830017,-1.1228,-0.4426,-0.8441,1.473
4.847343,-1.4354,-0.3736,-0.6964,1.639
4.864536,-1.8153,-0.3755,-0.2457,1.870
4.883059,-1.8957,-0.3382,0.0723,1.927
4.917302,-1.2708,-0.4258,0.1326,1.347
4.930508,-1.0813,-0.2896,0.2310,1.143
4.947429,-1.2111,0.0835,0.4037,1.279
4.965817,-1.2030,0.1499,0.4483,1.293
4.987033,-0.7703,-0.2390,0.6789,1.054
5.023533,-1.3415,-0.6338,1.3522,2.007
5.038626,-0.9597,-0.9965,1.2092,1.837
5.047660,-0.1050,-1.0043,1.2861,1.635
5.068079,1.5261,-0.2085,1.4586,2.121
5.089775,2.0818,-0.1486,1.4821,2.560
5.123529,1.8984,-0.5254,2.1659,2.928
5.133125,1.6529,0.0534,2.6852,3.154
5.149847,2.0216,1.5900,2.7241,3.746
5.170358,3.7556,0.4202,2.5910,4.582
5.190910,4.9916,-3.3466,-0.8709,6.072
5.218539,2.0903,-1.5070,-4.3204,5.031
5.231569,0.6928,0.6642,-4.7302,4.827
5.252242,-1.7248,3.3396,-3.9666,5.465
5.272938,-2.3141,2.2706,-2.4240,4.048
5.293811,-0.6304,-0.7431,-1.9301,2.162
5.316785,0.6638,-2.3385,-0.8656,2.580
5.334637,0.8080,-1.5733,-0.9853,2.025
5.355075,0.3578,2.1476,-0.7791,2.312
5.375775,-0.3729,2.1245,-0.8041,2.302
5.396873,-0.9186,0.5430,-1.2448,1.640
5.433351,-1.5866,-0.9035,-0.4041,1.870
5.448159,-1.7239,-0.7408,0.0156,1.876
5.462374,-1.7475,-0.4156,-0.1367,1.801
5.480016,-1.8098,0.3389,-0.5918,1.934
5.499284,-1.5727,1.0284,-0.6494,1.988
5.532313,-1.2775,1.1307,0.3014,1.732
5.547524,-1.3816,0.6142,0.8233,1.722
5.561942,-1.3750,0.3271,1.0117,1.738
5.580981,-1.5036,0.0190,1.2146,1.933
5.601776,-1.6061,0.2595,1.0750,1.950
5.632243,-1.1555,0.6659,1.8676,2.295
5.646306,-0.4790,0.2751,1.9901,2.065
5.663233,0.3072,0.2617,1.3326,1.392
5.683721,1.6146,1.1398,0.0566,1.977
5.705618,2.2074,1.9659,-0.1662,2.961
5.731651,2.2429,0.7140,1.8235,2.978
5.746740,1.3181,-0.9779,3.5443,3.906
5.766187,2.7615,-3.0808,2.8513,5.025
5.787640,5.2252,-1.3259,-0.5844,5.422
5.816757,1.4876,3.0892,-3.6830,5.032
5.830439,0.7822,2.2625,-4.3740,4.986
5.847579,-0.6166,-0.4291,-2.6137,2.719
5.868703,0.5188,-2.1635,-1.0115,2.444
5.890257,0.1930,-1.0119,-1.6157,1.916
5.915063,0.5811,2.2034,-1.1905,2.571
5.929382,0.8211,2.0288,-1.1313,2.464
5.949754,0.2292,0.6653,-1.6209,1.767
5.970886,0.0377,-0.4537,-1.0383,1.134
5.991140,-1.1221,-0.1594,0.0261,1.134
6.019879,-1.7147,0.0114,0.0059,1.715
6.036205,-1.9257,-0.1153,-0.3519,1.961
6.052016,-1.9029,-0.3951,-0.7064,2.068
6.072252,-1.7634,-0.5921,-0.5676,1.945
6.093409,-1.3023,-0.9295,-0.5000,1.676
6.130498,-1.0455,-0.7221,-0.1138,1.276
6.144089,-0.9504,-0.5608,-0.0663,1.105
6.160227,-1.0451,0.0130,0.3220,1.094
6.176689,-1.1419,0.2150,0.4270,1.238
6.195252,-0.8641,0.1325,-0.1458,0.886
6.230262,-0.7928,-0.5258,1.1180,1.468
6.246256,-1.0239,-0.5791,1.3357,1.780
6.259883,-0.6685,-0.8157,1.5994,1.916
6.277018,-0.2826,-0.8693,1.3377,1.620
6.298015,0.6940,-0.6721,1.4465,1.739
6.335052,2.1263,-0.1723,2.5376,3.315
6.352023,1.2771,0.1577,2.4608,2.777
6.359429,1.2084,0.1664,1.9001,2.258
6.379317,2.1932,1.1001,1.5428,2.898
6.400937,4.3689,0.3318,1.8604,4.760
6.431337,2.4739,-1.6247,-3.3098,4.440
6.444566,1.3159,-1.1844,-3.4971,3.920
6.460751,-0.5804,0.1892,-4.1023,4.147
6.481768,-1.8977,1.3952,-3.2970,4.052
6.502688,-0.9537,0.6582,-1.8699,2.200
6.535161,0.6685,-1.2497,-0.7475,1.602
6.552253,1.1686,-1.0811,-0.3674,1.634
6.563393,1.2609,-0.2406,-0.4503,1.360
6.583958,0.5069,1.8460,-0.4958,1.977
6.604215,-0.6222,2.2531,-0.6075,2.415
6.632021,-1.3465,-0.0207,-0.2001,1.361
6.651246,-1.4447,-1.0828,0.3361,1.836
6.665409,-1.4674,-1.1592,0.4703,1.928
6.685467,-1.5603,-0.6591,0.0604,1.695
6.705549,-1.4697,0.2285,-0.3426,1.526
6.725582,-1.2705,0.8845,-0.5793,1.653
6.746006,-1.1702,0.9799,-0.1828,1.537
6.766682,-1.4398,0.7615,0.3598,1.668
6.787707,-1.5999,0.7790,0.7547,1.933
6.807599,-1.4585,1.0130,0.8705,1.978
6.846603,-1.0167,0.7861,1.3018,1.829
6.860366,-0.8108,-0.3659,2.0953,2.276
6.875053,-0.6948,-1.0446,2.0663,2.417
6.891278,0.1934,-1.0215,0.9621,1.417
6.909445,1.5490,0.9707,-0.5408,1.906
6.946320,1.6537,2.5731,0.7102,3.140
6.958830,1.2933,1.0129,3.3051,3.691
6.974455,1.1375,-0.3990,4.1685,4.339
6.992862,2.7345,-3.2404,3.3157,5.383
7.029669,3.1887,2.8293,-4.0097,5.852
7.050010,1.3031,2.6137,-3.8956,4.869
7.057479,0.0582,1.0219,-3.6656,3.806
7.074661,-1.3120,-0.1838,-2.4168,2.756
7.092965,-0.6017,-1.4176,-0.0757,1.542
7.129986,-0.6054,0.9887,-1.8990,2.225
7.142702,0.0433,1.8623,-1.5557,2.427
7.157446,0.7319,1.2582,-1.2945,1.948
7.174394,0.8231,0.0508,-1.4691,1.685
7.194752,0.7301,-1.7333,-0.7619,2.029
7.229171,-0.9335,-0.1786,0.2856,0.992
7.249522,-1.0573,0.5094,-0.0942,1.177
7.257517,-1.1064,0.5505,-0.2343,1.258
7.277111,-1.5302,0.1093,-0.3742,1.579
7.297318,-1.8518,-0.3961,-0.6031,1.987
7.328146,-1.9498,-0.3735,-0.6373,2.085
7.342285,-1.6934,-0.4365,-0.5642,1.837
7.361870,-1.2376,-0.6379,-0.6053,1.518
7.382534,-1.1405,-0.3853,-0.2970,1.240
7.402895,-1.0357,-0.2015,0.1842,1.071
7.423670,-0.5273,-0.5678,0.1802,0.796
7.443191,-0.3614,-0.3595,1.0255,1.145
7.463369,-0.8811,-0.1901,1.5739,1.814
7.483551,-1.0908,-0.3242,1.4969,1.880
7.503651,-0.9411,-0.7421,1.0313,1.581
7.528260,0.0553,-0.4560,1.6473,1.710
7.547244,1.3976,-0.0512,2.3168,2.706
7.567072,2.0405,-0.0010,2.4645,3.200
7.587411,1.8964,-0.3072,1.8897,2.695
7.608017,2.2056,0.5649,1.5724,2.767
7.645261,4.9053,-1.5595,-2.7234,5.823
7.667486,2.2018,-0.7279,-3.5666,4.254
7.672465,1.0730,0.1202,-3.2718,3.445
7.689709,0.2716,0.7118,-3.5414,3.622
7.709277,-0.7695,0.9638,-3.2412,3.468
7.743550,-0.4895,-0.9676,-1.9914,2.268
7.759125,-0.3225,-1.2963,-0.6522,1.487
7.772725,0.4390,-0.8238,-0.0291,0.934
7.790712,1.0205,-0.1751,-0.2376,1.062
7.811654,0.5590,2.2451,-1.2651,2.637
7.844714,-0.8758,0.3913,-1.2134,1.547
7.859598,-1.0659,-0.3521,-1.1659,1.618
7.872480,-1.2410,-0.8641,-0.6471,1.645
7.893572,-1.0153,-0.1923,0.3007,1.076
7.914255,-1.0950,0.4296,0.0986,1.180
7.946269,-1.3623,0.4699,-0.5873,1.556
7.968719,-1.5562,0.7423,-0.3580,1.761
7.974936,-1.7245,0.8880,0.0275,1.940
7.996731,-1.9995,0.7280,0.7522,2.257
8.026181,-1.4534,-0.0611,0.5358,1.550
8.038805,-1.1908,0.1050,0.5805,1.329
8.057259,-0.8144,0.6635,0.5117,1.168
8.078196,-0.7295,0.7840,0.4267,1.153
8.098970,-0.7768,0.5243,0.8770,1.284
8.125302,-0.8206,-0.3687,2.0073,2.200
8.140585,0.6504,-0.8659,0.7004,1.290
8.160380,1.0585,0.3473,0.0065,1.114
8.181845,1.1839,0.9521,-0.0052,1.519
8.203513,1.5470,0.9687,2.6760,3.239
8.222426,1.6567,-0.7263,3.8089,4.217
8.246432,5.1250,-1.2094,1.4309,5.457
8.270146,3.2170,2.7350,-3.0895,5.232
8.288101,2.4717,1.9066,-3.4468,4.650
8.304539,-0.1240,-0.5412,-3.4202,3.465
8.342271,-1.4136,-1.4954,0.2011,2.068
8.354438,-1.0967,-1.3873,-0.7183,1.909
8.370828,0.2019,0.2223,-1.6909,1.717
8.388281,1.1122,0.9348,-1.1344,1.843
8.406507,1.2166,0.3722,-1.7041,2.127
8.443329,-0.2921,0.0676,-0.9009,0.949
8.458046,-0.8300,0.6551,-0.4973,1.168
8.470258,-1.6211,1.5081,-0.3105,2.236
8.488014,-1.8141,1.2196,-0.5187,2.247
8.508368,-1.4549,0.2498,-0.6561,1.615
8.542460,-1.3584,-1.0102,-0.3401,1.727
8.560040,-1.3139,-1.5323,0.1754,2.026
8.570583,-1.2094,-1.5532,0.4445,2.018
8.590989,-1.1188,-1.0358,0.8288,1.735
8.611475,-1.0096,-0.4936,0.7788,1.367
8.642546,-1.7183,0.1535,1.4206,2.235
8.657941,-1.9043,0.1507,1.3164,2.320
8.672403,-1.5994,0.1112,-0.0496,1.604
8.692922,-0.1847,-0.0875,-0.3416,0.398
8.713719,0.4692,-0.5381,-0.1331,0.726
8.739655,0.7242,-0.0867,0.7546,1.050
8.756972,0.3885,0.4281,1.2625,1.389
8.775488,-0.0353,0.5588,2.4546,2.518
8.795822,0.5636,-0.6518,2.9896,3.111
8.816619,0.6944,-1.0919,3.3899,3.628
8.839630,1.6909,-0.2263,1.8349,2.505
8.857302,2.2501,0.9446,1.0390,2.652
8.878977,5.0494,0.2657,0.6288,5.095
8.898581,3.6744,-3.1173,-2.8880,5.618
8.928057,-0.6166,-1.5220,-2.7296,3.186
8.959570,-2.0217,1.6160,-3.6543,4.478
8.970160,-1.6156,1.9183,-2.9713,3.888
8.985503,-0.3379,1.4156,-1.1666,1.865
9.002692,0.3694,0.5666,-0.6917,0.967
9.046906,1.3677,-0.2526,-0.2822,1.419
9.047650,1.3677,-0.2526,-0.2822,1.419
9.071069,0.5386,1.5696,-0.7320,1.814
9.084713,-0.5516,1.3037,-0.3074,1.449
9.102687,-0.8154,0.5873,-0.1073,1.011
9.139567,-1.2545,-1.3105,0.5611,1.899
9.154517,-1.3434,-1.0689,0.4655,1.779
9.168608,-1.7413,-0.1863,-0.3283,1.782
9.186011,-2.0154,0.5735,-0.7842,2.237
9.205275,-1.7987,1.1201,-0.8884,2.298
9.240809,-1.7170,1.3486,0.5584,2.254
9.255373,-1.4879,0.8276,0.7293,1.852
9.268292,-1.4121,0.6029,0.7571,1.712
9.286033,-1.2684,0.2654,1.1224,1.714
9.306383,-1.3526,0.0997,1.3250,1.896
9.339657,-0.8781,-0.1544,0.8138,1.207
9.358048,0.0968,-0.2887,1.2953,1.331
9.367873,0.7288,-0.1286,1.2429,1.447
9.388514,2.0685,0.9087,0.1121,2.262
9.409590,1.2260,2.6269,-0.4383,2.932
9.439795,0.7963,1.3070,2.5630,2.985
9.455573,0.7925,-1.2304,4.4277,4.663
9.470672,1.0597,-2.3666,4.4150,5.120
9.491476,4.4765,-2.4826,1.3296,5.289
9.512320,3.7750,1.3268,-2.5880,4.765
9.538641,1.7472,0.8782,-5.9915,6.303
9.562554,-0.8534,-0.1265,-1.3411,1.595
9.574559,-1.1466,-0.0377,0.1636,1.159
9.594872,-0.7857,-0.1171,-0.2208,0.824
9.616080,0.1504,1.3502,-0.8216,1.588
9.654719,1.0524,-0.7093,-1.6770,2.103
9.670326,0.7827,-1.2029,-1.4729,2.056
9.684376,0.0412,-0.6688,-0.8199,1.059
9.700339,-0.5012,0.0217,-0.5094,0.715
9.718196,-1.3315,0.9005,-0.0093,1.607
9.754362,-1.3481,-0.1434,-0.0804,1.358
9.769793,-1.3995,-0.7307,-0.0574,1.580
9.782940,-1.4987,-1.4846,0.0762,2.111
9.800314,-1.4192,-1.6438,0.0659,2.173
9.820621,-1.3870,-1.3789,0.2180,1.968
9.855020,-1.2002,-0.2081,0.2043,1.235
9.870041,-1.0610,-0.1348,0.1270,1.077
9.882668,-1.2976,-0.0007,0.1683,1.308
9.901767,-1.4405,-0.1855,0.4292,1.515
9.922454,-1.2639,-0.2089,0.5011,1.376
9.942933,-0.9758,-0.0487,0.8844,1.318
9.963340,-1.1541,-0.0586,0.9706,1.509
9.983945,-0.2934,-0.8057,0.6937,1.103
10.005404,0.7261,-1.1324,0.4397,1.415
10.037348,1.5894,0.0800,1.0610,1.913
10.053006,2.2803,-0.0101,1.5279,2.745
10.066510,2.2524,0.1265,2.0492,3.048
10.086254,1.8564,0.9209,3.1622,3.781
10.106844,2.4982,1.0474,3.3596,4.316
10.141988,3.8326,-3.1359,-1.4972,5.173
10.158305,2.5149,-2.6616,-2.4880,4.427
10.168025,1.4412,-1.5768,-3.1225,3.783
10.188312,0.0985,1.2922,-4.6122,4.791
10.209344,-0.9175,3.1891,-2.6653,4.256
10.240908,-0.0625,0.3574,-0.5071,0.624
10.258063,-0.0536,-1.4946,0.9692,1.782
10.270223,0.1221,-2.0120,0.7910,2.165
10.290672,0.4315,-1.1461,-0.4082,1.291
10.311547,-0.1456,0.4801,-0.5395,0.737
10.340074,-1.2742,0.4121,-0.9578,1.646
10.361880,-1.5101,0.1834,-1.0760,1.863
10.376028,-1.6118,0.0492,-0.8469,1.821
10.395906,-1.6876,0.2169,0.2645,1.722
10.416469,-1.6883,0.4248,0.1432,1.747
10.453068,-1.9154,0.5939,0.2833,2.025
10.467736,-1.8036,0.5319,0.7376,2.020
10.481485,-1.7537,0.3439,1.0634,2.080
10.498416,-1.4961,0.0273,1.0890,1.851
10.517186,-0.9617,0.4628,1.0118,1.471
10.550971,-0.4328,0.3940,1.3263,1.450
10.567888,-0.3425,-0.7081,2.1834,2.321
10.580711,-0.4676,-0.9687,2.0263,2.294
10.598311,0.5662,-0.3173,0.7776,1.013
10.618652,1.2785,1.8275,-0.0514,2.231
10.652331,2.4865,2.5254,1.4812,3.841
10.669661,1.8849,1.0056,3.6343,4.216
10.680783,1.9805,-0.7326,4.4078,4.888
10.700293,4.4013,-3.0465,2.6525,5.974
10.720648,4.2133,0.4792,-1.3950,4.464
10.757375,1.2515,1.0075,-4.8233,5.084
10.771032,0.1982,-0.6872,-4.5411,4.597
10.781251,-1.0644,-1.4780,-2.8662,3.396
10.801629,-1.4354,-1.8242,0.0319,2.321
10.821857,-1.5174,-1.1460,-0.7464,2.043
10.851170,0.7186,2.3530,-1.3167,2.790
10.871856,1.6939,0.7592,-1.5875,2.443
10.882458,1.4109,-0.5730,-1.5430,2.168
10.902924,0.1138,-1.6474,-0.5731,1.748
10.923966,-1.1037,-0.6239,0.3394,1.312
10.951865,-1.6639,0.6332,0.3134,1.808
10.969588,-1.4247,0.2227,-0.1494,1.450
10.985044,-1.3617,-0.1993,-0.2955,1.408
11.005617,-1.6378,-1.0384,-0.5888,2.027
11.025882,-1.7035,-0.8995,-0.6323,2.028
11.052436,-1.8138,-0.1828,-0.0876,1.825
11.070074,-1.5161,0.0342,0.4076,1.570
11.085991,-1.4028,-0.2973,0.3965,1.488
11.106767,-1.4459,-0.5558,0.3721,1.593
11.126798,-0.7732,-0.4782,0.5078,1.041
11.146728,-0.4397,-0.2275,0.9956,1.112
11.168071,-0.7216,-0.1117,1.0109,1.247
11.188271,-0.3038,-0.4671,0.8335,1.003
11.208673,0.5707,-0.6837,0.8396,1.224
11.234047,2.2597,-0.8687,1.6260,2.916
11.250378,2.3869,-0.7965,1.7673,3.075
11.269211,1.9379,-0.3507,2.0611,2.851
11.290148,2.0137,0.2528,1.2852,2.402
11.310258,3.6928,0.9960,2.9765,4.846
11.354732,1.3214,-0.4526,-4.5343,4.745
11.356096,1.3214,-0.4526,-4.5343,4.745
11.378637,-0.3650,1.7611,-4.3927,4.747
11.395934,-1.5050,2.6278,-2.6462,4.021
11.412275,-0.7512,1.1133,-0.8969,1.615
11.450405,0.1410,-1.5817,-0.1983,1.600
11.467815,0.8610,-1.3935,-0.1091,1.642
11.478726,0.7270,-0.2313,-0.1625,0.780
11.495203,-0.1040,1.8099,-0.1246,1.817
11.513586,-0.9306,1.3350,-0.1896,1.638
11.551460,-1.7028,-1.2969,-0.1062,2.143
11.568937,-1.6780,-1.1329,0.2599,2.041
11.578113,-1.6107,-0.7211,0.3002,1.790
11.595029,-1.5205,0.4239,0.0450,1.579
11.614528,-1.4108,1.6021,-0.3254,2.159
11.651225,-1.1617,1.1063,0.7689,1.779
11.668945,-1.2256,0.4714,1.2670,1.825
11.677986,-1.2414,-0.0658,1.5888,2.017
11.695435,-1.3071,-0.2695,1.6793,2.145
11.715785,-1.2140,0.5816,1.6498,2.129
11.749313,-1.0127,1.2506,1.0687,1.932
11.770794,-0.5674,0.2230,0.9585,1.136
11.777135,-0.3539,-0.4430,0.9866,1.138
11.796287,0.3515,-1.1737,0.5023,1.324
11.817126,1.0923,0.2439,0.1750,1.133
11.848366,1.3718,2.2572,1.2769,2.934
11.866699,1.4265,1.4666,3.2277,3.821
11.877990,1.2047,0.4188,3.7664,3.977
11.897728,1.9622,-2.1300,3.0565,4.211
11.918133,5.8933,-1.8202,-0.6656,6.204
11.949943,1.4942,3.6331,-3.1650,5.045
11.968054,0.1070,2.3376,-2.3974,3.350
11.978975,-1.3608,1.1439,-1.1752,2.131
11.999500,-0.1519,-1.9162,-0.1620,1.929
12.019645,-0.5524,-2.7513,-1.1429,3.030
12.045496,0.2386,0.9640,-1.1414,1.513
12.060040,0.2809,1.8326,-1.4010,2.324
12.079865,0.1155,0.4929,-0.9646,1.089
12.101219,-0.2548,-0.7628,-0.0602,0.806
12.121292,-0.8372,-1.0230,0.2702,1.349
12.149060,-1.0768,-0.5138,0.1366,1.201
12.167550,-1.3311,0.0050,-0.4049,1.391
12.181181,-1.6827,0.0168,-0.8314,1.877
12.202337,-1.5140,-0.6672,-0.8482,1.859
12.222647,-1.6424,-0.8341,-0.6330,1.948
12.247625,-1.7735,-0.4617,-0.3304,1.862
12.266357,-1.2914,-0.2281,0.0056,1.311
12.282836,-1.0054,-0.3215,0.4216,1.137
12.303708,-1.1361,-0.4633,0.9009,1.522
12.324153,-1.1301,-0.4522,1.2667,1.757
12.347435,-1.3536,0.1671,1.6367,2.131
12.366577,-1.6141,0.2715,1.6291,2.309
12.383964,-1.0037,-0.6758,1.0498,1.602
12.404756,0.3148,-0.9587,0.9226,1.367
12.424870,1.2818,-0.5406,1.3356,1.928
12.447581,2.8984,-1.5043,1.4267,3.564
12.465157,2.7006,-1.2060,1.9055,3.518
12.485836,1.6752,0.4401,2.6863,3.196
12.506828,3.5733,2.3742,3.8622,5.773
12.526821,4.3868,-1.7704,-1.6707,5.017
12.564740,1.3853,-1.3715,-3.9388,4.395
12.581077,1.1264,0.5686,-4.9290,5.088
12.593192,0.7327,1.2219,-4.7761,4.984
12.609587,-0.2191,1.4681,-2.2960,2.734
12.629419,-0.5823,0.1047,-0.9369,1.108
12.665070,-0.9955,-1.2679,0.7934,1.797
12.680515,-0.2901,0.0284,0.2927,0.413
12.692660,-0.1960,1.1566,-0.0327,1.174
12.711154,-0.5756,2.1625,-0.6937,2.343
12.731948,-1.0167,0.7252,-1.0899,1.658
12.764821,-1.2729,-0.7727,-0.9200,1.750
12.779665,-1.2008,-0.1918,-0.3103,1.255
12.793467,-1.1932,0.2582,-0.2950,1.256
12.813766,-1.2430,0.7173,-0.5898,1.552
12.846111,-1.2526,0.9453,0.1403,1.576
12.864042,-1.2049,0.8197,0.5401,1.554
12.875904,-1.2310,0.4065,0.8723,1.563
12.895811,-1.2953,0.3011,1.0553,1.698
12.917619,-1.4179,0.6653,1.2916,2.030
12.948613,-1.1695,0.8882,1.0886,1.828
12.968250,-0.7348,0.2155,1.2221,1.442
12.977726,-0.3656,-0.2668,1.4909,1.558
12.998856,0.3193,-0.5604,1.9832,2.085
13.019187,0.9977,0.0858,1.6102,1.896
13.047225,1.2996,1.1504,0.7719,1.900
13.059975,1.3338,1.2237,1.2878,2.221
13.080471,0.8744,1.2305,3.1126,3.459
13.101198,2.1569,-0.8256,3.4460,4.148
13.121775,5.7405,-1.5784,-0.2906,5.961
13.146353,2.2782,2.7340,-4.3356,5.609
13.163426,1.7629,2.4305,-4.8196,5.678
13.182117,-0.5259,0.8187,-3.1628,3.309
13.202393,-1.8265,-0.9591,0.5425,2.133
13.223293,0.2493,-1.2862,-0.9913,1.643
13.261958,1.2276,1.8411,-1.1358,2.487
13.276851,0.7972,0.3010,-1.2550,1.517
13.291366,0.7212,-0.7778,-1.1894,1.594
13.307622,0.5390,-1.5493,-0.3846,1.685
13.325716,-0.7514,-0.4728,-0.0508,0.889
13.363052,-2.3164,0.6017,-0.5621,2.458
13.377649,-2.3174,0.5433,-0.9094,2.548
13.390526,-2.1557,0.3753,-0.9761,2.396
13.408496,-1.8488,-0.0250,-0.5140,1.919
13.427494,-1.6595,-0.5016,-0.4178,1.783
13.466132,-1.0342,-0.8929,-0.2957,1.398
13.489898,-0.9198,-0.3579,0.2268,1.013
13.490329,-0.9198,-0.3579,0.2268,1.013
13.509410,-0.6328,-0.2661,0.7949,1.050
13.529690,-0.6160,-0.4417,0.6494,0.998
13.560936,-1.0480,-0.2170,0.8916,1.393
13.575259,-1.2352,-0.0793,0.8477,1.500
13.590370,-1.2186,-0.0721,0.7234,1.419
13.611739,-0.8453,-0.2246,0.5640,1.041
13.632972,0.6821,-1.0242,0.7332,1.432
13.662827,2.3776,-1.6313,1.1451,3.102
13.678289,2.4087,-1.1338,1.5693,3.090
13.693461,2.2701,-0.4047,1.9639,3.029
13.714532,1.4463,0.9893,1.8051,2.516
13.734825,1.9558,1.4123,2.0541,3.168
13.762268,4.2180,-2.6386,-0.6802,5.022
13.778396,3.5846,-3.4538,-3.0272,5.826
13.795883,0.3347,-1.0413,-3.5911,3.754
13.816583,-1.4278,1.8521,-3.4147,4.139
13.837172,-2.1168,3.1634,-3.3739,5.086
13.861801,0.2066,1.0796,-0.3433,1.152
13.885414,1.3855,-1.1105,0.2771,1.797
13.897960,1.7092,-1.9133,0.3298,2.587
13.919646,1.7038,-1.4959,0.0810,2.269
13.951276,0.1966,1.3603,-0.0932,1.378
13.960271,-0.3754,1.4622,-0.0903,1.512
13.980321,-1.6862,-0.1435,-0.4441,1.750
14.000988,-1.7702,-0.7990,0.5934,2.031
14.022585,-1.8356,-0.5561,0.7742,2.068
14.067371,-1.4061,0.8874,-0.1182,1.667
14.079231,-1.3423,1.1855,-0.0677,1.792
14.092689,-1.6798,1.3405,0.2780,2.167
14.107592,-1.8566,1.2688,0.5753,2.321
14.124015,-1.8183,1.0640,1.1742,2.412
14.160087,-1.1986,1.3287,0.7614,1.945
14.174224,-1.3030,1.3376,0.8435,2.049
14.190785,-1.2666,0.4287,1.2513,1.831
14.207475,-1.0300,-0.4294,1.3747,1.771
14.227387,-0.2930,-1.5087,0.8862,1.774
14.259716,1.3555,0.3680,1.1029,1.786
14.275087,1.2859,0.5305,0.7718,1.591
14.290083,1.1052,0.5817,1.2234,1.748
14.308661,0.9172,0.9828,2.8732,3.172
14.329309,3.8589,-0.5208,2.5764,4.669
14.360206,5.5067,1.9190,-4.3193,7.257
14.377663,2.8243,3.7335,-4.3513,6.391
14.391226,1.3855,3.1616,-4.3223,5.532
14.411052,-1.5232,1.1012,-1.3006,2.286
14.432249,-0.6278,-1.3954,0.8890,1.770
14.459590,-0.3688,-1.2287,-0.8807,1.556
14.483452,0.1561,0.8903,-0.7576,1.179
14.497343,0.2788,0.9253,-0.8869,1.312
14.515721,0.3238,-0.2779,-1.3493,1.415
14.537027,0.0461,-1.0986,-0.3234,1.146
14.557125,-0.5206,-0.9415,-0.1400,1.085
14.580732,-1.5367,-0.1835,-0.0873,1.550
14.610751,-1.7298,-0.0415,-0.4724,1.794
14.621819,-1.7727,-0.1375,-0.5810,1.871
14.638763,-1.7660,-0.2569,-0.7458,1.934
14.680757,-1.2015,-0.0931,-0.4442,1.284
14.688125,-1.1900,-0.0442,-0.0681,1.193
14.698461,-1.0728,-0.1065,0.2186,1.100
14.719779,-0.8406,-0.0656,0.5205,0.991
14.739630,-0.9177,0.2546,0.5133,1.082
14.776162,-0.9156,0.8486,0.0059,1.248
14.793045,-1.1219,0.5589,0.0302,1.254
14.805609,-1.3798,-0.2485,0.2564,1.425
14.823154,-1.1899,-0.3557,0.3950,1.303
14.841640,-0.1092,0.2002,0.9231,0.951
14.861692,1.2264,0.0821,1.5522,1.980
14.881974,2.7754,-1.0352,1.8137,3.473
14.903356,3.2322,-1.2685,2.0995,4.058
14.922605,1.9102,-0.5146,2.8934,3.505
14.958641,3.4349,1.3765,3.2259,4.909
14.976062,3.8424,-0.1429,1.1496,4.013
14.988961,3.6645,-2.6385,-4.0407,6.059
15.004963,0.3634,-0.4486,-4.0830,4.124
15.025673,-1.4560,2.2385,-3.6385,4.513
15.059008,-1.4600,1.6309,-1.4318,2.616
15.076148,0.3313,-0.5254,-0.9559,1.140
15.088630,0.5087,-0.7807,-0.7716,1.210
15.106535,0.4170,-0.4309,0.1514,0.618
15.127453,0.2354,0.1405,0.5227,0.590
15.157939,-0.6248,0.6220,-0.4749,1.001
15.175263,-1.0947,0.1266,-0.7023,1.307
15.189034,-1.2829,-0.4201,-0.8578,1.599
15.209252,-1.6856,-1.1356,-0.5215,2.098
15.230379,-1.2961,-0.8455,0.1921,1.559
15.259690,-1.4692,0.9540,0.1745,1.760
15.277332,-1.3614,2.0235,0.1045,2.441
15.291142,-1.2233,2.1912,0.3826,2.539
15.311809,-0.9276,1.5427,0.9470,2.034
15.333287,-0.8253,-0.1752,1.6901,1.889
15.356800,-1.0349,-0.2610,1.3046,1.686
15.375525,-1.3768,0.3924,0.7460,1.614
15.393987,-1.2012,0.4336,1.4345,1.921
15.414629,-0.2649,-0.5062,1.6043,1.703
15.436252,1.4850,-0.6802,1.1247,1.983
15.477387,1.2569,2.2268,-0.0722,2.558
15.478569,1.2569,2.2268,-0.0722,2.558
15.496865,1.0446,2.6674,1.3798,3.180
15.517376,0.8630,1.8017,3.2597,3.823
15.537996,0.6256,-0.2480,3.9650,4.022
15.573957,2.9735,0.7382,-2.8412,4.178
15.592215,1.9615,0.1039,-4.3867,4.806
15.603887,1.2777,-0.9833,-4.9163,5.174
15.620708,0.0985,-1.9392,-4.4103,4.819
15.640968,-0.7920,-2.0839,-1.6615,2.780
15.673966,-0.0615,2.0020,-0.9375,2.212
15.692285,1.2762,2.3675,-1.3747,3.021
15.703347,1.4260,1.4877,-1.6953,2.669
15.723001,0.6882,-0.7058,-1.7202,1.983
15.742806,-0.4298,-1.4578,-0.7675,1.703
15.774228,-1.1837,-0.3510,-0.1942,1.250
15.791279,-1.6756,0.5897,0.0896,1.779
15.804601,-1.8538,0.6057,0.0470,1.951
15.825167,-1.7031,-0.2358,-0.2437,1.737
15.845505,-1.6538,-0.9738,-0.4197,1.965
15.874025,-1.5396,-0.6217,-0.0104,1.660
15.893998,-1.5403,-0.1822,0.2121,1.565
15.907769,-1.3692,-0.2557,0.3054,1.426
15.927774,-0.8834,-0.8555,0.2980,1.265
15.955871,-1.1150,-0.6740,0.8986,1.583
15.970420,-0.9848,-0.1035,0.9171,1.350
15.988767,-0.9014,0.2452,0.6189,1.121
16.009348,-0.4931,1.0282,0.6964,1.336
16.029126,-0.1374,0.1465,0.9450,0.966
16.055446,0.2862,-1.0675,0.7698,1.347
16.072129,0.9774,-1.2052,0.3867,1.599
16.090405,1.4287,-0.1766,1.0128,1.760
16.111188,1.6989,0.4401,2.0630,2.708
16.131859,1.8129,0.5734,2.0021,2.761
16.156456,1.5125,0.9612,1.9027,2.614
16.178327,2.6666,1.9414,2.7223,4.277
16.192069,4.0034,-0.2113,0.9353,4.117
16.213117,2.1806,-3.4436,-4.0218,5.726
16.232373,-1.1924,-2.6058,-3.7957,4.756
16.253519,-1.8507,0.2161,-2.5827,3.185
16.272826,-0.7880,2.4666,-1.5761,3.031
16.294109,1.0086,2.2419,-1.0176,2.661
16.314256,1.1570,0.1137,-0.7767,1.398
16.334689,1.0410,-1.3457,-0.4398,1.757
16.372107,0.9909,1.1102,-0.4199,1.546
16.387603,-0.2581,0.5938,-0.7300,0.976
16.401919,-1.0269,0.0770,-0.7321,1.264
16.417989,-1.5080,-0.3865,-0.5574,1.654
16.436729,-2.2162,-0.8141,0.2339,2.373
16.471340,-2.1398,0.3599,0.1987,2.179
16.489570,-2.3216,1.2500,0.1421,2.641
16.501903,-2.2697,1.2392,0.2618,2.599
16.518170,-1.7342,0.5389,0.3821,1.856
16.538309,-1.2058,0.0541,1.1332,1.656
16.572768,-1.2530,0.1080,1.7349,2.143
16.589254,-1.1995,0.2584,1.3199,1.802
16.601527,-0.9942,0.2815,1.0870,1.500
16.618664,-0.3290,0.2393,1.0608,1.136
16.639040,0.2967,-0.0332,1.2118,1.248
16.670516,1.3649,0.1320,-0.2984,1.403
16.684768,1.6559,0.5604,-0.7574,1.905
16.700790,2.2908,1.3194,0.6423,2.720
16.720461,1.1572,1.6052,2.9231,3.530
16.740440,1.1285,-0.9824,4.5293,4.770
16.770643,5.0952,-0.5425,0.6278,5.162
16.785870,2.7507,4.6909,-3.4816,6.457
16.801294,2.1828,5.3297,-4.0061,7.016
16.821766,1.0710,1.6596,-4.9635,5.342
16.841787,-1.4692,-2.1466,-2.0207,3.294
16.870710,-2.4986,-3.0150,1.7588,4.293
16.885594,-0.9737,-0.9559,-0.7191,1.542
16.902302,0.3292,1.0326,-1.3723,1.749
16.923188,2.8107,2.7813,-1.6532,4.286
16.943718,2.2218,0.1727,-1.7941,2.861
16.970273,-0.4343,-2.4474,-0.5068,2.537
16.985625,-1.5049,-0.9894,-0.1227,1.805
17.004009,-1.7715,0.8381,0.0659,1.961
17.024329,-1.7516,1.4660,-0.4070,2.320
17.045133,-1.7525,0.5800,-0.9643,2.083
17.071070,-1.7474,-0.4253,-0.5026,1.867
17.089469,-1.7388,-1.0777,-0.1591,2.052
17.104997,-1.4803,-0.7120,0.2553,1.662
17.125786,-1.3901,0.2174,0.8441,1.641
17.146986,-1.2262,0.6348,0.9948,1.702
17.166506,-1.2084,0.4582,0.8589,1.552
17.190172,-0.6657,0.0806,0.7479,1.004
17.207559,-0.6215,-0.1416,1.6967,1.812
17.227811,-1.0005,-0.9346,1.7259,2.203
17.248309,-0.8634,-1.3863,1.0762,1.956
17.287666,1.3975,0.9530,0.6273,1.804
17.301591,2.1631,0.9533,0.7031,2.466
17.318127,2.6337,0.1903,1.5279,3.051
17.332935,2.0396,-0.8364,2.1196,3.058
17.349550,1.8817,-0.4795,1.6098,2.522
17.386787,5.3169,1.5448,0.6793,5.578
17.400266,5.6787,-0.5610,-2.6856,6.307
17.414875,3.8440,-3.4507,-4.3058,6.725
17.432738,0.2378,-2.1784,-3.5484,4.171
17.468503,-4.2411,1.7477,-1.6481,4.874
17.483271,-3.0605,1.6294,-0.1611,3.471
17.498942,-1.4830,0.9332,0.0660,1.753
17.515252,1.4961,-0.5224,-0.5612,1.681
17.535552,2.7994,-0.5928,-1.5979,3.277
17.572736,-0.6122,1.6751,-0.8488,1.975
17.593203,-1.3752,0.2942,-0.5727,1.518
17.598049,-1.3752,0.2942,-0.5727,1.518
17.617085,-1.1915,-0.9033,0.0705,1.497
17.637451,-1.0699,-0.5438,0.3019,1.238
17.667736,-1.4273,0.6120,0.0521,1.554
17.681379,-1.7435,0.7193,0.1383,1.891
17.698744,-1.8171,0.7525,0.3325,1.995
17.718621,-1.8659,0.8373,0.5758,2.125
17.740406,-1.5873,0.8035,0.6606,1.898
17.772249,-1.2818,0.6888,1.0109,1.772
17.792652,-1.3875,0.6585,1.2793,1.999
17.801030,-1.3909,0.7423,1.2599,2.018
17.821370,-0.9729,0.7212,1.1047,1.639
17.841824,-0.1009,0.3054,1.4213,1.457
17.867861,0.3967,0.0561,1.6864,1.733
17.882495,0.9285,0.1763,0.8752,1.288
17.902333,1.1301,0.7543,-0.2003,1.373
17.923804,1.2463,1.8895,1.0767,2.507
17.944291,0.9522,1.5006,3.5542,3.974
17.964289,1.2646,-0.4549,5.1152,5.289
17.984835,6.4830,-1.7132,1.5698,6.887
18.005133,4.8067,2.7367,-3.7540,6.685
18.025512,2.6040,3.1222,-5.1908,6.593
18.046686,-0.8507,-0.1741,-4.0939,4.185
18.084328,-2.6239,-1.2913,0.4151,2.954
18.099965,-1.4475,0.4198,-0.8032,1.708
18.113576,-0.2219,1.3775,-1.1734,1.823
18.131062,1.3699,1.7121,-1.4316,2.619
18.150563,1.1939,-0.2989,-1.2316,1.741
18.184526,-0.0047,-1.8908,0.0509,1.891
18.198234,-0.6772,-0.8504,0.1218,1.094
18.213408,-0.7236,-0.0458,0.1546,0.741
18.232148,-0.7833,1.0542,0.0137,1.313
18.252767,-1.1322,0.9658,0.0125,1.488
18.282903,-1.8208,-0.4747,-0.1509,1.888
18.298803,-1.9462,-0.7161,-0.0933,2.076
18.314900,-1.9635,-0.6473,-0.0022,2.067
18.335003,-1.9512,-0.3979,0.1450,1.997
18.354836,-1.4867,-0.2067,0.2148,1.516
18.375324,-1.3208,-0.0676,0.4964,1.413
18.396541,-1.0335,-0.2766,0.6324,1.243
18.416872,-0.8141,-0.0990,0.7675,1.123
18.438347,-0.7092,0.1171,0.9557,1.196
18.466630,0.3856,-0.6986,0.7863,1.120
18.481397,0.6652,-0.5655,0.9101,1.261
18.498381,0.2089,0.3223,1.8517,1.891
18.519872,1.1886,-0.2077,2.5078,2.783
18.540508,2.3085,-0.9196,2.1105,3.260
18.570809,1.5208,0.6139,1.8807,2.495
18.598279,3.5950,2.1343,2.6041,4.925
18.612036,3.9788,0.1639,0.5532,4.020
18.628174,3.7004,-3.9154,-4.9999,7.350
18.644263,2.1221,-3.7560,-4.4786,6.218
18.680520,-0.8427,1.5483,-2.8480,3.349
18.697581,0.3570,1.3389,-1.5292,2.064
18.710203,1.0227,0.4049,-1.2651,1.676
18.726900,0.6208,-0.9815,-0.5632,1.291
18.744967,0.3285,-1.1050,0.0535,1.154
18.786180,0.2674,2.8618,-0.9214,3.018
18.787536,0.2674,2.8618,-0.9214,3.018
18.807855,-0.4839,1.6513,-1.4001,2.218
18.826039,-1.4392,-0.2979,-0.8161,1.681
18.847563,-1.7877,-1.3079,0.0664,2.216
18.882152,-1.8448,-0.2314,0.5256,1.932
18.895143,-2.0227,1.0177,-0.1041,2.267
18.910265,-1.7751,1.4171,-0.3612,2.300
18.930005,-1.1658,1.4711,-0.1911,1.887
18.949987,-1.1654,0.7058,0.2684,1.389
18.980777,-1.5207,0.1938,1.1206,1.899
19.000137,-1.6994,0.6054,1.3618,2.260
19.011177,-1.6603,0.7692,0.9493,2.061
19.031553,-1.1564,0.7130,0.1244,1.364
19.052916,-0.1388,-0.6087,1.7834,1.890
19.085521,0.1897,-1.1801,1.3225,1.783
19.092755,0.8128,0.3860,0.3053,0.950
19.112587,0.8128,0.3860,0.3053,0.950
19.133288,1.3454,1.7177,1.6685,2.747
19.153575,0.7404,-0.0344,3.9877,4.056
19.179218,-0.2814,-2.5029,5.8235,6.345
19.193650,5.4041,-4.6370,2.0679,7.415
19.214107,6.7508,-0.0472,-4.4390,8.080
19.234848,3.3212,3.7305,-5.5145,7.440
19.254767,1.0048,2.7936,-4.8790,5.711
19.284011,-2.5905,1.6019,-0.9970,3.205
19.309260,-2.3566,-1.3800,0.2080,2.739
19.324923,-0.5603,-0.5764,-1.1244,1.382
19.355450,1.0228,0.2063,-1.6987,1.994
19.359677,1.3522,-0.1838,-2.0947,2.500
19.392237,-0.5891,-0.8125,-0.0740,1.006
19.408119,-0.7557,-0.4748,0.2132,0.918
19.424332,-0.4041,0.2512,0.1944,0.514
19.441575,-0.6197,0.6568,-0.0826,0.907
19.458097,-0.8894,0.6282,-0.2635,1.120
19.494595,-1.3267,-0.2358,-0.3992,1.405
19.511505,-1.4578,-0.4284,-0.1649,1.528
19.525125,-1.3485,-0.4444,-0.2059,1.435
19.541955,-1.2478,-0.1528,-0.1948,1.272
19.578415,-1.2150,0.0341,0.2888,1.249
19.593072,-0.9892,-0.5766,0.5296,1.261
19.608243,-1.0166,-0.6670,0.7327,1.420
19.624782,-1.1550,-0.3935,1.0859,1.633
19.641815,-0.6820,-0.1786,1.1851,1.379
19.680614,-1.0325,-0.1430,1.3345,1.693
19.696517,-1.3269,-0.3078,1.0429,1.716
19.708130,-1.0562,-0.5015,0.9970,1.537
19.724516,0.1334,-0.6492,1.0075,1.206
19.742734,1.8106,-0.7677,0.7769,2.115
19.777936,1.7507,0.4369,1.8014,2.550
19.791382,1.5816,0.8115,1.7543,2.497
19.808181,2.1349,1.1714,1.5856,2.906
19.824769,4.4185,0.9471,3.2833,5.586
19.846092,5.1719,-2.5120,-1.2075,5.875
19.877827,2.0049,-1.4433,-2.6193,3.600
19.893165,-0.2003,0.9140,-4.3943,4.493
19.907264,-1.3155,1.7132,-4.5275,5.016
19.926830,-2.4475,1.9994,-2.1228,3.807
19.948356,-0.1751,-0.4436,0.2887,0.557
19.978806,1.5641,-1.5310,0.1818,2.196
19.991393,1.6086,-0.8790,-0.0856,1.835
20.008932,0.5864,1.2790,-0.5257,1.502
20.029747,-0.7309,1.7813,-0.9325,2.139
20.049646,-1.2613,0.1536,-0.9889,1.610
20.078581,-1.4361,-0.9857,-0.6360,1.854
20.091789,-1.5235,-0.7562,0.0592,1.702
20.111217,-1.3870,0.4101,0.1273,1.452
20.133107,-1.1578,1.5254,-0.1590,1.922
20.153533,-0.8751,1.7319,-0.3979,1.981
20.179619,-0.8614,1.0486,-0.2092,1.373
20.194786,-1.3113,0.3512,0.6393,1.501
20.213915,-1.8064,0.0814,1.2465,2.196
20.235141,-1.6483,0.5080,1.4661,2.264
20.255586,-1.1796,1.0271,1.5792,2.223
20.299389,-1.3071,0.1850,1.7369,2.182
20.300667,-1.3071,0.1850,1.7369,2.182
20.316474,-1.1104,-0.0663,2.0070,2.295
20.337041,0.1566,0.0161,0.7286,0.745
20.357613,0.7217,0.3060,0.3834,0.873
20.394416,1.1176,1.4573,1.2119,2.200
20.407684,0.4892,0.4557,3.3320,3.398
20.422447,0.2819,-0.4628,3.8587,3.897
20.439374,5.3612,-2.6729,1.2820,6.126
20.458455,6.1672,1.4394,-3.5964,7.283
20.494943,2.6051,3.3174,-4.9770,6.524
20.510206,-1.1121,0.1611,-2.8167,3.033
20.522712,-1.4819,-0.8074,-0.3796,1.730
20.539176,-1.5705,-2.4284,1.6774,3.343
20.559432,-1.2380,-1.9389,-0.9880,2.504
20.592625,0.9515,2.3852,-1.3444,2.899
20.609219,1.0204,0.8547,-2.2419,2.607
20.621761,0.8124,-0.4107,-2.1815,2.364
20.640637,0.6469,-1.1601,-0.5933,1.455
20.661324,0.1647,-0.2264,0.0710,0.289
20.692705,-0.9073,1.0272,0.0049,1.371
20.709810,-1.5789,0.9115,-0.6006,1.920
20.722774,-1.6174,0.4799,-0.7962,1.866
20.743830,-1.5625,-0.3122,-0.5954,1.701
20.776222,-1.5576,-1.0161,0.0384,1.860
20.793162,-1.7112,-0.8920,0.1362,1.935
20.804927,-1.7721,-0.5237,0.4449,1.901
20.824724,-1.6699,-0.4387,0.6294,1.838
20.845015,-1.1286,-0.8640,1.0812,1.786
20.877470,-1.3084,-0.3980,1.1328,1.776
20.892783,-1.3905,0.0101,1.3383,1.930
20.906493,-1.2958,0.2343,1.5097,2.003
20.926949,-0.9689,-0.3900,0.9099,1.385
20.947842,0.0953,-0.6126,0.6055,0.867
20.977547,1.3554,0.6114,0.6523,1.624
20.999302,1.3995,1.1752,0.9953,2.081
21.009006,1.2851,0.9467,1.2320,2.016
21.029473,1.0129,0.3255,1.8439,2.129
21.050333,1.6313,0.0162,1.6403,2.313
21.075652,5.0714,0.0600,2.4609,5.637
21.090469,5.4035,-1.5757,-0.0102,5.629
21.110934,3.3307,-3.0691,-2.2491,5.057
21.131560,1.8705,-1.7299,-2.7143,3.723
21.152238,-0.2974,0.4839,-4.6998,4.734
21.176736,-2.5140,1.2739,-1.7199,3.302
21.192777,-1.9217,0.4433,-0.8707,2.156
21.213122,0.3810,-1.1730,-0.2180,1.252
21.235075,1.1092,-1.0515,-0.3937,1.578
21.254407,0.9343,1.7404,-0.6468,2.078
21.291775,-0.4950,2.1653,-1.2015,2.525
21.306110,-0.7260,0.3465,-0.9714,1.261
21.321442,-1.0689,-0.9474,-0.2620,1.452
21.337116,-1.0815,-1.1645,0.1924,1.601
21.356244,-1.1262,-0.6539,0.3546,1.350
21.390411,-1.5822,1.0318,-0.0619,1.890
21.405693,-1.6740,1.2178,-0.4299,2.114
21.420301,-1.5824,0.9888,-0.0579,1.867
21.437628,-1.6280,0.7951,0.4179,1.859
21.458031,-1.4380,0.3641,0.5938,1.598
21.494093,-1.1160,0.7482,0.5037,1.435
21.512404,-1.2354,0.3021,-0.1049,1.276
21.519227,-1.2354,0.3021,-0.1049,1.276
21.539734,-0.8448,0.8217,0.7576,1.401
21.560043,0.1334,0.9429,1.6853,1.936
21.591076,0.4258,0.3905,1.4247,1.537
21.608159,0.8059,0.1617,0.8005,1.147
21.621085,0.6029,1.0343,0.2713,1.228
21.641389,0.5211,1.3063,1.5920,2.124
21.662373,0.9532,0.4474,3.1617,3.332
21.692148,1.2020,-1.7344,4.2621,4.756
21.706924,2.7557,-2.5491,3.2702,4.979
21.722606,5.8652,-0.8556,-1.1585,6.039
21.743843,3.0013,4.6422,-3.5999,6.597
21.763926,0.6837,4.3383,-3.0783,5.363
21.792305,-1.3905,-1.0307,-1.2227,2.119
21.806908,-1.8408,-2.0462,0.3340,2.773
21.824782,-1.6376,-3.4448,0.5001,3.847
21.845290,-0.8328,-1.8429,-0.9262,2.224
21.866129,0.9815,1.1502,-1.2688,1.974
21.891487,1.3731,1.0638,-2.1155,2.737
21.906217,0.9130,0.2287,-1.6396,1.891
21.926474,0.2302,-0.6832,-0.3740,0.812
21.947591,-0.3881,-0.1655,0.2181,0.475
21.967344,-0.8362,0.3632,0.1674,0.927
21.991886,-1.3690,-0.2140,-0.4295,1.451
22.009563,-1.5269,-0.4522,-0.3652,1.634
22.029889,-1.6390,-0.6545,-0.1116,1.768
22.050423,-1.8738,-0.3489,0.2326,1.920
22.094276,-1.2524,-0.1961,0.4231,1.336
22.095610,-1.2524,-0.1961,0.4231,1.336
22.112045,-1.0635,-0.1998,0.7638,1.325
22.132412,-1.4225,-0.3517,1.2745,1.942
22.152587,-1.7136,-0.2709,1.4081,2.234
22.190341,-1.2385,-0.4239,1.0314,1.667
22.204752,-0.8261,-0.6219,0.8540,1.341
22.218204,0.2629,-0.6565,0.5172,0.876
22.234502,0.6258,-0.3398,0.5938,0.927
22.254549,0.8892,0.5023,0.9797,1.415
22.291509,2.1875,-0.2529,1.8455,2.873
22.306911,1.9419,-0.1552,2.2274,2.959
22.317296,1.3569,0.7582,1.7892,2.370
22.335346,1.5476,2.0397,1.9695,3.230
22.356679,5.3691,-0.8689,0.0309,5.439
22.390673,3.8582,-3.6191,-4.7799,7.130
22.406584,2.4273,-1.9490,-4.8306,5.747
22.417349,-0.3033,1.5726,-5.0458,5.294
22.442845,-2.0800,3.1944,-2.3788,4.493
22.463256,-1.0061,0.6238,-0.7896,1.423
22.487997,0.4085,-1.9636,0.0643,2.007
22.508241,1.0396,-0.8592,0.0515,1.350
22.528425,0.4824,1.6609,-0.2579,1.749
22.548965,-0.5792,2.3767,-0.6621,2.534
22.568864,-1.0135,0.3641,-0.7700,1.324
22.608760,-1.3288,-1.8297,0.6451,2.352
22.632755,-1.2612,-0.8846,0.3757,1.586
22.649851,-1.0065,0.6559,-0.3872,1.262
22.666060,-0.8171,1.6265,-0.7842,1.982
22.682631,-0.8755,1.7032,-0.6679,2.028
22.701395,-1.2633,1.3013,-0.2796,1.835
22.716729,-1.3678,0.7438,0.3203,1.590
22.735866,-1.0444,0.3454,0.9293,1.440
22.758083,-0.9136,0.2913,1.0051,1.389
22.787631,-1.0352,0.4495,0.5695,1.264
22.803469,-0.9589,0.4515,0.3881,1.129
22.818246,-0.5698,0.2568,0.6421,0.896
22.838547,-0.6251,-0.1712,1.2632,1.420
22.858768,-0.2710,-0.8450,0.9243,1.281
22.889050,1.0317,0.4463,-1.0011,1.505
22.904843,0.5173,2.7928,-1.0412,3.025
22.919425,0.3206,3.3136,-0.0460,3.329
22.940725,0.1013,1.9845,2.7781,3.416
22.960191,0.2308,-1.0625,3.8499,4.000
22.986195,6.2249,-2.5449,-1.9944,7.014
23.006128,3.5425,1.4255,-3.9058,5.462
23.021048,2.2021,1.8857,-4.1004,5.022
23.042481,-1.2601,0.4622,-5.1914,5.362
23.062582,-3.3864,-0.7842,-1.6695,3.856
23.110917,1.6413,1.4086,-1.4590,2.609
23.111782,2.5895,1.6580,-1.4635,3.405
23.122643,3.3164,1.0942,-2.2105,4.133
23.143827,2.9802,-0.6304,-2.9030,4.208
23.164560,1.2835,-1.4819,-1.1170,2.256
23.201884,-0.3793,-1.2300,-0.7350,1.482
23.216098,-0.1955,-0.9876,-1.0617,1.463
23.232077,-0.4077,-0.4595,-1.7372,1.843
23.248586,-0.6663,-0.1546,-1.6489,1.785
23.266776,-0.9318,-0.2422,-0.8381,1.276
23.303259,-1.3968,-1.7228,-0.5040,2.274
23.317044,-1.1849,-1.6785,-0.6127,2.144
23.331513,-0.9025,-0.4075,-0.8007,1.273
23.348397,-0.7552,0.3416,-0.8619,1.196
23.368693,-0.4106,1.1058,-0.9041,1.486
23.401129,0.4054,-0.3094,-0.8077,0.955
23.416276,-0.0372,-1.3322,0.2135,1.350
23.431289,-0.1116,-1.7936,0.6136,1.899
23.451137,-0.1320,-0.5858,0.5805,0.835
23.470951,0.4360,-0.0079,0.3465,0.557
23.504448,-1.0792,-1.2809,0.3289,1.707
23.520570,-1.4762,-0.5022,0.1254,1.564
23.532621,-0.1876,0.9531,-0.9867,1.385
23.554241,3.4697,1.9353,-1.1051,4.124
23.574646,3.5557,3.3514,-2.0008,5.280
23.602877,-2.4555,1.6749,-3.3689,4.493
23.617968,-3.7113,1.3984,-1.8657,4.383
23.635548,-3.0960,0.1033,1.2124,3.326
23.656947,0.7901,-1.7306,1.1341,2.215
23.685726,2.8257,-1.9340,-0.5602,3.470
23.704355,2.1105,-2.1211,-1.2332,3.236
23.718874,1.3464,-1.5593,-1.4756,2.534
23.739057,0.1187,0.0955,-1.1119,1.122
23.759497,-0.2350,1.1672,-0.3272,1.235
23.793415,-0.4428,1.1063,0.0731,1.194
23.828025,0.1297,0.6930,-0.7078,0.999
23.829386,0.0464,0.5336,-0.8661,1.018
23.841533,-0.1563,0.4867,-0.8845,1.022
23.861253,-0.4089,0.4764,-0.7751,0.998
23.883863,-0.3395,0.3364,-0.6704,0.823
23.902485,-0.2004,0.3046,-0.7315,0.817
23.922472,0.1555,0.5442,-0.6408,0.855
23.944014,0.7548,0.4465,-0.6219,1.075
23.963908,0.8699,0.7424,-0.6749,1.328
24.000993,-0.5912,0.2627,0.4154,0.769
24.018379,-0.6648,0.1139,0.6257,0.920
24.031322,-0.3538,0.0917,0.7504,0.835
